{"cameraMode":{"drawMode":0,"name":"Shaded","section":"Shading Mode"},"sceneLighting":true,"audioPlay":false,"sceneViewState":{"showFog":true,"showMaterialUpdate":false,"showSkybox":true,"showFlares":true,"showImageEffects":true,"showParticleSystems":true},"in2DMode":false,"pivot":{"x":-130.6670684814453,"y":-40.44387435913086,"z":-119.22319030761719},"rotation":{"x":-0.5130373239517212,"y":0.15822432935237885,"z":-0.09685800969600678,"w":-0.8380818963050842},"size":1039.63720703125,"orthographic":false}